id,unique_id,first_name,last_name,kyc_passed
1,09YZMK00,Susan,Thomas,1
2,0BDMAU6J,Nicholas,Nguyen,1
3,0GRFGDDN,Jason,Alexander,1
4,0R17I15A,Richard,James,1
5,11UM2Q0N,Jacqueline,Lee,1
6,18QL8MLY,Gregory,Henry,1
7,36N9US4W,Mary,Martinez,1
8,3BPC7AAP,Barbara,Alvarez,1
9,3KNFKO94,Eric,Hayes,1
10,3KNRV10C,Mia,Wallace,0
11,3W5ALWRR,Janet,Davis,1
12,4M0JKQ3B,Carolyn,Phillips,1
13,528KDAEQ,Marie,Ford,1
14,56ZDXBGG,Diane,Castro,1
15,58XSMTBA,Larry,Lopez,1
16,59W1P4OK,Brittany,Coleman,1
17,5CGDJPQM,Kyle,Aguilar,1
18,5CMFBIGJ,Kevin,Moreno,1
19,61R02LE0,Anna,Fisher,1
20,6B79XWGZ,Charlotte,Thomas,1
21,6BP7TQGA,Teresa,Gonzalez,0
22,6H1RMG77,Kelly,Diaz,1
23,6N9ER1BL,Douglas,Adams,1
24,6ZMX83DT,John,Wright,1
25,7JANJW8N,Betty,Chen,1
26,7VJ3FRR4,Richard,Clark,1
27,88V3LGC5,John,Graham,1
28,88WA7AE6,Rachel,Rivera,1
29,8HV6FTUV,Patricia,Murray,1
30,8M0BJ6U9,Julia,Mitchell,1
31,8PJKSA9T,Nicole,Barnes,1
32,8SXUJPIL,Deborah,James,1
33,9657FN0X,Stephanie,Davis,1
34,9UKB5II8,Olivia,Flores,1
35,A6PP7PTU,Harold,Kelly,1
36,A88B4W6U,Roger,Patterson,1
37,AKFNUF1V,Denise,Walker,1
38,ATY1MTAX,Mason,Jackson,1
39,AVMDYV3T,Carolyn,Russell,1
40,AYS92TUR,Janet,Butler,1
41,B2NUAT8F,Anthony,Flores,1
42,BELZFATP,Dennis,Campbell,1
43,BGMOP7U9,Joseph,Chen,1
44,BS2LMXM4,James,Powell,1
45,C99FD0WM,Susan,Ramirez,1
46,CLXQWT3A,Ruth,Ward,1
47,CW9F2S7B,Timothy,Davis,1
48,D642SV9S,Dorothy,Thompson,1
49,D9CLQHB1,Isabella,Ellis,1
50,DPU4LFH5,Rachel,Washington,1
51,E74CP3JL,Ruth,Reynolds,1
52,EDE258YS,Samantha,Gray,1
53,EDNEHHZM,Wayne,Moreno,1
54,EIBZFFHN,Ruth,Owens,1
55,EOA89JQR,Kevin,Cooper,1
56,F7373NAP,James,Young,1
57,F8M7G9DL,Susan,Diaz,1
58,FCPJ4T0A,Charles,Reyes,1
59,FL9JAHD9,Mary,Hill,1
60,FPZLFMHR,Nathan,Harrison,1
61,FTOU2TAA,Nathan,Henry,1
62,FVLTKA72,Willie,Cole,1
63,G2EY457P,Maria,Patel,1
64,G3X14JZS,Sarah,Stewart,1
65,GAVDF2JW,Michelle,Howard,1
66,GHN1RBNW,Douglas,Long,1
67,GKFZ8VML,Benjamin,Gonzalez,0
68,GMC4HU1A,Chloe,Washington,1
69,GSUUB5TR,Charles,Mendoza,1
70,GVS9G194,Nicholas,Bennett,1
71,H1TMJONR,William,Martinez,1
72,HB0KZGZV,Janet,Smith,1
73,HHQ0QK7W,Nancy,Owens,1
74,HLF0DYXX,Jack,Chavez,0
75,HQJAMOKJ,Brandon,Wilson,1
76,HXHX4VMR,Denise,Brown,1
77,HYRZFLYY,Carolyn,Wright,1
78,I3CLB3U4,Nathan,Bailey,1
79,IO05GNHO,Carol,Taylor,1
80,IWDDS5E2,Martha,Griffin,1
81,IXE2CDCX,Brian,Bennett,1
82,J06OIXBQ,Dennis,Martin,1
83,J22GVCNA,Peter,Flores,1
84,JDXXXWYL,Donna,Watson,1
85,JFPK0JBX,Christina,Richardson,1
86,JTFTYIIW,Katherine,Morales,1
87,K0BXXNX8,Janet,Medina,1
88,KGXWR2WG,Kenneth,Hughes,0
89,KMFOSQ9O,Nicholas,Hughes,1
90,LFU0TPM0,Sara,Coleman,1
91,LZ5I9SHV,Albert,Baker,1
92,M13JF1JW,Debra,Anderson,1
93,M57JWYHO,Mark,Kim,1
94,M65RJT76,Larry,Washington,1
95,M7SNFIY3,Hannah,Woods,1
96,MU05EHN8,Mia,Flores,1
97,N1K17R1C,Nicholas,Anderson,1
98,N8L248JX,Keith,Herrera,1
99,NJ6HCP2U,Jacob,Price,1
100,O519XXZ0,Susan,Scott,1
101,OQ8REGOO,Lisa,Vargas,1
102,OSULX20W,Peter,Harris,1
103,OTBEOGIR,Amanda,West,1
104,OW0EVOMW,Carol,Lewis,1
105,OX09YVNV,Donna,Myers,1
106,OZFQJHBH,Sara,Henry,1
107,PCD1I21G,Stephanie,Scott,1
108,PEDKQ7XI,Jennifer,Green,1
109,PK7M5CYL,Gregory,Jenkins,1
110,PRQ7DN55,Gary,Richardson,0
111,PYU7VDP8,Christine,Washington,1
112,QC3S78YD,Jennifer,Vargas,1
113,QP9MKOB3,Megan,Jones,1
114,R777W9HK,Gary,Fernandez,1
115,RGC5FGYK,Chloe,Coleman,1
116,RHYYRN52,Scott,Parker,1
117,RKW0PCWC,Christopher,Brooks,1
118,RO8MLSLJ,Dorothy,Nguyen,0
119,RVH47UAR,Nancy,Wood,1
120,RVU5VEGQ,Rebecca,Stewart,1
121,S93BYRRL,Stephanie,Rodriguez,1
122,SHCMURR9,Roger,Simmons,0
123,SHE614ID,Michael,Jimenez,1
124,SM4CDJVD,Helen,Marshall,1
125,SR0XIYE7,Evelyn,Morgan,1
126,SZ0U7SDI,Eugene,Lopez,1
127,T8UUGKEH,Julie,Kim,1
128,U6NQV6BX,Joseph,Edwards,1
129,UG1P460X,Samuel,Martin,1
130,V2VYVVO0,Douglas,Johnson,1
131,V3MEWMIB,Richard,Perry,1
132,VI4XLMGC,Frank,Baker,1
133,VXAQ4IID,Noah,Vasquez,1
134,WFRQN256,Joseph,Hamilton,1
135,WUQZ5J7M,Christine,Rodriguez,1
136,WVD3JZ0S,Janet,Hamilton,1
137,X7EJVPUI,Dorothy,Henderson,0
138,XMLRSNUU,Jordan,Murray,0
139,XZR76Y7I,Carol,Vargas,1
140,Y3XILU2G,Charles,Alexander,1
141,Y6GLY6OI,Deborah,Hamilton,1
142,Y7YXP2TQ,Mason,Taylor,1
143,YMTV5RNA,Janice,Long,1
144,YPJMUPXG,Dorothy,Chen,1
145,YU6YB70U,Hannah,Murray,1
146,Z3BKXSJK,Mark,Moore,1
147,Z49IUHZ7,Abigail,Tran,1
148,Z7D01HCO,Maria,Lopez,0
149,ZBWLU9BD,Nicholas,Wright,1
150,ZO41S71R,David,Perez,1
